Roll No.,G CODE,Professor
UG-T4-001,BUSI203,Swayam Sampurna Panigrahi
UG-T4-004,BUSI203,Swayam Sampurna Panigrahi
UG-T4-004,BIOS201,"Yadugiri Tiruvaimozhi, Vaishali Sharma, and John Matthew"
UG-T4-006,BUSI203,Swayam Sampurna Panigrahi
UG-T4-006,ECON205|HIST211,Rohit Prabu
UG-T4-007,BUSI203,Swayam Sampurna Panigrahi
UG-T4-010,BUSI203,Swayam Sampurna Panigrahi
UG-T4-010,PHYS201|CHEM211,Rama Kamineni
UG-T4-010,PHYS221,Tanmoy Chakrabarty
UG-T4-010,PHYS211|COMP211,Tanmoy Chakrabarty
UG-T4-013,BUSI203,Swayam Sampurna Panigrahi
UG-T4-013,SOCL305|POLT305|HIST305,Gowhar Fazili
UG-T4-013,SOCL215|POLT222,Panchali Ray
UG-T4-017,BUSI203,Swayam Sampurna Panigrahi
UG-T4-036,BUSI203,Swayam Sampurna Panigrahi
UG-T4-036,BIOS201,"Yadugiri Tiruvaimozhi, Vaishali Sharma, and John Matthew"
UG-T4-037,BUSI203,Swayam Sampurna Panigrahi
UG-T4-051,BUSI203,Swayam Sampurna Panigrahi
UG-T4-051,ECON205|HIST211,Rohit Prabu
UG-T4-057,BUSI203,Swayam Sampurna Panigrahi
UG-T4-057,POLT202,Sambaiah Gundimeda
UG-T4-070,BUSI203,Swayam Sampurna Panigrahi
UG-T4-071,BUSI203,Swayam Sampurna Panigrahi
UG-T4-071,LITT223,Namrata Sathe
UG-T4-076,BUSI203,Swayam Sampurna Panigrahi
UG-T4-076,PSYC226,Sayantan Mandal
UG-T4-085,BUSI203,Swayam Sampurna Panigrahi
UG-T4-100,BUSI203,Swayam Sampurna Panigrahi
UG-T4-100,ARTS231,Kaveri Bharath
UG-T4-104,BUSI203,Swayam Sampurna Panigrahi
UG-T4-112,BUSI203,Swayam Sampurna Panigrahi
UG-T4-130,BUSI203,Swayam Sampurna Panigrahi
UG-T4-131,BUSI203,Swayam Sampurna Panigrahi
UG-T4-138,BUSI203,Swayam Sampurna Panigrahi
UG-T4-149,BUSI203,Swayam Sampurna Panigrahi
UG-T4-150,BUSI203,Swayam Sampurna Panigrahi
UG-T4-150,ARTS231,Kaveri Bharath
UG-T4-161,BUSI203,Swayam Sampurna Panigrahi
UG-T4-162,BUSI203,Swayam Sampurna Panigrahi
UG-T4-168,BUSI203,Swayam Sampurna Panigrahi
UG-T4-256,BUSI203,Swayam Sampurna Panigrahi
UG-T4-180,BUSI203,Swayam Sampurna Panigrahi
UG-T4-180,ECON205|HIST211,Rohit Prabu
UG-T4-190,BUSI203,Swayam Sampurna Panigrahi
UG-T4-190,LITT223,Namrata Sathe
UG-T4-191,BUSI203,Swayam Sampurna Panigrahi
UG-T4-191,DATA231|COMP231,Rangachary Kommanduri
UG-T4-193,BUSI203,Swayam Sampurna Panigrahi
UG-T4-193,COMP204,Syed Meesum
UG-T4-193,DATA231|COMP231,Rangachary Kommanduri
UG-T4-194,BUSI203,Swayam Sampurna Panigrahi
UG-T4-194,PSYC226,Sayantan Mandal
UG-T4-203,BUSI203,Swayam Sampurna Panigrahi
UG-T4-203,BIOS201,"Yadugiri Tiruvaimozhi, Vaishali Sharma, and John Matthew"
UG-T4-223,BUSI203,Swayam Sampurna Panigrahi
UG-T4-223,DATA231|COMP231,Rangachary Kommanduri
UG-T4-225,BUSI203,Swayam Sampurna Panigrahi
UG-T4-230,BUSI203,Swayam Sampurna Panigrahi
UG-T4-233,BUSI203,Swayam Sampurna Panigrahi
UG-T4-233,PSYC226,Sayantan Mandal
UG-T4-237,BUSI203,Swayam Sampurna Panigrahi
UG-T4-237,POLT202,Sambaiah Gundimeda
UG-T4-239,BUSI203,Swayam Sampurna Panigrahi
UG-T4-242,BUSI203,Swayam Sampurna Panigrahi
UG-T4-242,ENVS206,Bharath Sundaram
UG-T7-180,BUSI203,Swayam Sampurna Panigrahi
UG-T7-180,BUSI320,Sesha Meka
UG-T7-180,ECON206,Sarabjeet Natesan
UG-T7-180,ECON205|HIST211,Rohit Prabu
UG-T7-065,BUSI203,Swayam Sampurna Panigrahi
UG-T7-065,BUSI316,Pallavi Pandey
UG-T7-065,ARTS315|HIST335|ENVS316,Anurag Singh
UG-T7-065,ARTS231,Kaveri Bharath
UG-T7-080,BUSI203,Swayam Sampurna Panigrahi
UG-T7-080,ECON206,Sarabjeet Natesan
UG-T7-080,ECON205|HIST211,Rohit Prabu
UG-T7-080,DATA231|COMP231,Rangachary Kommanduri
UG-T7-007,BUSI203,Swayam Sampurna Panigrahi
UG-T7-007,POLT202,Sambaiah Gundimeda
UG-T7-007,LITT308,Kishore Gaurav
UG-T7-007,LITT223,Namrata Sathe
UG-T7-007,LITT338,Prajwal Parajuly
UG-T7-109,BUSI203,Swayam Sampurna Panigrahi
UG-T7-109,BUSI316,Pallavi Pandey
UG-T7-109,POLT202,Sambaiah Gundimeda
UG-T7-109,PSYC321,Neha Aggarwal
UG-T7-112,BUSI203,Swayam Sampurna Panigrahi
UG-T7-112,BUSI316,Pallavi Pandey
UG-T7-112,POLT202,Sambaiah Gundimeda
UG-T7-112,PSYC321,Neha Aggarwal
UG-T7-118,BUSI203,Swayam Sampurna Panigrahi
UG-T7-118,BUSI320,Sesha Meka
UG-T7-118,ECON206,Sarabjeet Natesan
UG-T7-118,ECON330|BUSI330,Sarabjeet Natesan
UG-T7-118,ECON205|HIST211,Rohit Prabu
UG-T10-007,BUSI203,Swayam Sampurna Panigrahi
UG-T10-007,BUSI316,Pallavi Pandey
UG-T10-007,ARTS228,Kaveri Bharath
UG-T10-007,BIOS205,Gautam Banerjee
UG-T10-007,BIOS401,Vaishali Sharma
UG-T10-024,BUSI203,Swayam Sampurna Panigrahi
UG-T10-024,BUSI316,Pallavi Pandey
UG-T10-024,POLT334|SOCL334,Shilpi Singh
UG-T10-024,PSYC438,Sabah Siddiqui
UG-T10-032,BUSI203,Swayam Sampurna Panigrahi
UG-T10-032,BUSI316,Pallavi Pandey
UG-T10-032,BUSI320,Sesha Meka
UG-T10-032,ECON330|BUSI330,Sarabjeet Natesan
UG-T10-035,BUSI203,Swayam Sampurna Panigrahi
UG-T10-035,ECON313,Rohan Gudibande
UG-T7-050,BUSI316,Pallavi Pandey
UG-T7-050,BUSI320,Sesha Meka
UG-T7-050,BIOS235|ENVS236,Shivani Jadeja
UG-T7-050,PSYC321,Neha Aggarwal
UG-T7-061,BUSI316,Pallavi Pandey
UG-T7-061,BUSI320,Sesha Meka
UG-T7-063,BUSI316,Pallavi Pandey
UG-T7-063,BUSI320,Sesha Meka
UG-T7-063,PSYC321,Neha Aggarwal
UG-T7-070,BUSI316,Pallavi Pandey
UG-T7-070,BUSI320,Sesha Meka
UG-T7-070,PSYC321,Neha Aggarwal
UG-T7-073,BUSI316,Pallavi Pandey
UG-T7-073,BIOS235|ENVS236,Shivani Jadeja
UG-T7-073,PSYC321,Neha Aggarwal
UG-T7-075,BUSI316,Pallavi Pandey
UG-T7-075,BIOS235|ENVS236,Shivani Jadeja
UG-T7-075,PSYC321,Neha Aggarwal
UG-T7-122,BUSI316,Pallavi Pandey
UG-T7-122,BUSI320,Sesha Meka
UG-T7-122,PSYC321,Neha Aggarwal
UG-T7-131,BUSI316,Pallavi Pandey
UG-T7-131,BUSI320,Sesha Meka
UG-T7-131,PSYC321,Neha Aggarwal
UG-T7-146,BUSI316,Pallavi Pandey
UG-T7-146,BUSI320,Sesha Meka
UG-T7-146,PSYC226,Sayantan Mandal
UG-T7-157,BUSI316,Pallavi Pandey
UG-T7-157,BUSI320,Sesha Meka
UG-T7-157,ECON206,Sarabjeet Natesan
UG-T7-157,ECON330|BUSI330,Sarabjeet Natesan
UG-T7-157,ARTS315|HIST335|ENVS316,Anurag Singh
UG-T10-022,BUSI316,Pallavi Pandey
UG-T10-022,BUSI320,Sesha Meka
UG-T10-022,POLT334|SOCL334,Shilpi Singh
UG-T10-022,PSYC438,Sabah Siddiqui
UG-T7-017,BUSI320,Sesha Meka
UG-T7-017,ECON206,Sarabjeet Natesan
UG-T7-017,ECON330|BUSI330,Sarabjeet Natesan
UG-T7-017,ECON205|HIST211,Rohit Prabu
UG-T7-020,BUSI320,Sesha Meka
UG-T7-020,ECON206,Sarabjeet Natesan
UG-T7-020,ECON330|BUSI330,Sarabjeet Natesan
UG-T7-020,ECON205|HIST211,Rohit Prabu
UG-T7-027,BUSI320,Sesha Meka
UG-T7-027,ECON206,Sarabjeet Natesan
UG-T7-027,ECON205|HIST211,Rohit Prabu
UG-T7-027,DATA231|COMP231,Rangachary Kommanduri
UG-T7-032,BUSI320,Sesha Meka
UG-T7-032,ECON206,Sarabjeet Natesan
UG-T7-032,ECON330|BUSI330,Sarabjeet Natesan
UG-T7-032,ECON205|HIST211,Rohit Prabu
UG-T7-032,MATH230,Shuchita Goyal
UG-T7-036,BUSI320,Sesha Meka
UG-T7-036,ECON330|BUSI330,Sarabjeet Natesan
UG-T7-036,ECON205|HIST211,Rohit Prabu
UG-T7-037,BUSI320,Sesha Meka
UG-T7-037,ECON206,Sarabjeet Natesan
UG-T7-037,ECON330|BUSI330,Sarabjeet Natesan
UG-T7-037,ECON205|HIST211,Rohit Prabu
UG-T7-038,BUSI320,Sesha Meka
UG-T7-038,ECON206,Sarabjeet Natesan
UG-T7-038,ECON330|BUSI330,Sarabjeet Natesan
UG-T7-038,ECON205|HIST211,Rohit Prabu
UG-T7-043,BUSI320,Sesha Meka
UG-T7-043,ECON206,Sarabjeet Natesan
UG-T7-043,ECON330|BUSI330,Sarabjeet Natesan
UG-T7-043,ECON205|HIST211,Rohit Prabu
UG-T7-051,BUSI320,Sesha Meka
UG-T7-051,ECON206,Sarabjeet Natesan
UG-T7-051,ECON330|BUSI330,Sarabjeet Natesan
UG-T7-051,ECON205|HIST211,Rohit Prabu
UG-T7-051,ENVS235,Lakshmi Narayanan
UG-T7-052,BUSI320,Sesha Meka
UG-T7-052,ECON313,Rohan Gudibande
UG-T7-052,ECON330|BUSI330,Sarabjeet Natesan
UG-T7-092,BUSI320,Sesha Meka
UG-T7-092,ECON206,Sarabjeet Natesan
UG-T7-092,ECON330|BUSI330,Sarabjeet Natesan
UG-T7-092,ECON205|HIST211,Rohit Prabu
UG-T7-101,BUSI320,Sesha Meka
UG-T7-101,ECON206,Sarabjeet Natesan
UG-T7-101,ECON330|BUSI330,Sarabjeet Natesan
UG-T7-101,ECON205|HIST211,Rohit Prabu
UG-T7-101,MATH230,Shuchita Goyal
UG-T7-111,BUSI320,Sesha Meka
UG-T7-111,ECON206,Sarabjeet Natesan
UG-T7-111,ECON330|BUSI330,Sarabjeet Natesan
UG-T7-111,ECON205|HIST211,Rohit Prabu
UG-T7-119,BUSI320,Sesha Meka
UG-T7-119,ECON313,Rohan Gudibande
UG-T7-119,ECON330|BUSI330,Sarabjeet Natesan
UG-T7-123,BUSI320,Sesha Meka
UG-T7-123,ECON206,Sarabjeet Natesan
UG-T7-123,ECON330|BUSI330,Sarabjeet Natesan
UG-T7-123,ECON205|HIST211,Rohit Prabu
UG-T7-169,BUSI320,Sesha Meka
UG-T7-169,COMP401,Syed Meesum
UG-T7-169,COMP350,Srikumar Subramanian
UG-T7-129,BUSI320,Sesha Meka
UG-T7-129,ECON330|BUSI330,Sarabjeet Natesan
UG-T7-129,ECON205|HIST211,Rohit Prabu
UG-T7-132,BUSI320,Sesha Meka
UG-T7-132,ECON206,Sarabjeet Natesan
UG-T7-132,ECON330|BUSI330,Sarabjeet Natesan
UG-T7-132,ECON205|HIST211,Rohit Prabu
UG-T7-148,BUSI320,Sesha Meka
UG-T7-148,ECON313,Rohan Gudibande
UG-T7-148,ECON330|BUSI330,Sarabjeet Natesan
UG-T7-153,BUSI320,Sesha Meka
UG-T7-153,ECON206,Sarabjeet Natesan
UG-T7-153,ECON330|BUSI330,Sarabjeet Natesan
UG-T7-153,ECON205|HIST211,Rohit Prabu
UG-T7-160,BUSI320,Sesha Meka
UG-T7-160,ECON330|BUSI330,Sarabjeet Natesan
UG-T7-160,ECON205|HIST211,Rohit Prabu
UG-T7-163,BUSI320,Sesha Meka
UG-T7-163,ECON206,Sarabjeet Natesan
UG-T7-163,ECON313,Rohan Gudibande
UG-T7-163,ECON330|BUSI330,Sarabjeet Natesan
UG-T7-163,ECON205|HIST211,Rohit Prabu
UG-T10-019,BUSI320,Sesha Meka
UG-T10-019,MATH442,Arghya Mondal
UG-T7-016,ECON206,Sarabjeet Natesan
UG-T7-016,ECON313,Rohan Gudibande
UG-T7-016,MATH230,Shuchita Goyal
UG-T7-021,ECON206,Sarabjeet Natesan
UG-T7-021,ECON205|HIST211,Rohit Prabu
UG-T7-021,COMP401,Syed Meesum
UG-T7-023,ECON206,Sarabjeet Natesan
UG-T7-023,ECON205|HIST211,Rohit Prabu
UG-T7-023,MATH201,Rishi Vyas
UG-T7-023,MATH230,Shuchita Goyal
UG-T7-178,ECON206,Sarabjeet Natesan
UG-T7-178,ECON205|HIST211,Rohit Prabu
UG-T7-178,COMP401,Syed Meesum
UG-T7-178,COMP350,Srikumar Subramanian
UG-T7-040,ECON206,Sarabjeet Natesan
UG-T7-040,ECON330|BUSI330,Sarabjeet Natesan
UG-T7-040,ECON205|HIST211,Rohit Prabu
UG-T7-041,ECON206,Sarabjeet Natesan
UG-T7-041,ECON313,Rohan Gudibande
UG-T7-041,ECON205|HIST211,Rohit Prabu
UG-T7-041,POLT316|HIST316,Swarna Rajagopalan
UG-T7-054,ECON206,Sarabjeet Natesan
UG-T7-181,ECON206,Sarabjeet Natesan
UG-T7-181,ECON205|HIST211,Rohit Prabu
UG-T7-062,ECON206,Sarabjeet Natesan
UG-T7-062,ECON313,Rohan Gudibande
UG-T7-062,ECON205|HIST211,Rohit Prabu
UG-T7-067,ECON206,Sarabjeet Natesan
UG-T7-067,ECON330|BUSI330,Sarabjeet Natesan
UG-T7-071,ECON206,Sarabjeet Natesan
UG-T7-071,ECON313,Rohan Gudibande
UG-T7-071,ECON205|HIST211,Rohit Prabu
UG-T7-071,MATH230,Shuchita Goyal
UG-T7-168,ECON206,Sarabjeet Natesan
UG-T7-168,ECON313,Rohan Gudibande
UG-T7-168,ENVS235,Lakshmi Narayanan
UG-T7-081,ECON206,Sarabjeet Natesan
UG-T7-081,ECON205|HIST211,Rohit Prabu
UG-T7-081,COMP401,Syed Meesum
UG-T7-081,COMP350,Srikumar Subramanian
UG-T7-091,ECON206,Sarabjeet Natesan
UG-T7-091,ECON205|HIST211,Rohit Prabu
UG-T7-091,ENVS235,Lakshmi Narayanan
UG-T7-093,ECON206,Sarabjeet Natesan
UG-T7-093,ECON330|BUSI330,Sarabjeet Natesan
UG-T7-093,ECON205|HIST211,Rohit Prabu
UG-T7-093,COMP401,Syed Meesum
UG-T7-093,COMP350,Srikumar Subramanian
UG-T7-102,ECON206,Sarabjeet Natesan
UG-T7-102,ECON330|BUSI330,Sarabjeet Natesan
UG-T7-102,ECON205|HIST211,Rohit Prabu
UG-T7-114,ECON206,Sarabjeet Natesan
UG-T7-114,ECON205|HIST211,Rohit Prabu
UG-T7-114,MATH230,Shuchita Goyal
UG-T7-136,ECON206,Sarabjeet Natesan
UG-T7-136,ECON313,Rohan Gudibande
UG-T7-136,ECON330|BUSI330,Sarabjeet Natesan
UG-T7-136,ECON205|HIST211,Rohit Prabu
UG-T7-147,ECON206,Sarabjeet Natesan
UG-T7-147,ECON313,Rohan Gudibande
UG-T7-147,ECON330|BUSI330,Sarabjeet Natesan
UG-T7-147,COMP401,Syed Meesum
UG-T7-156,ECON206,Sarabjeet Natesan
UG-T7-156,ECON313,Rohan Gudibande
UG-T7-156,ECON330|BUSI330,Sarabjeet Natesan
UG-T7-162,ECON206,Sarabjeet Natesan
UG-T7-162,ECON205|HIST211,Rohit Prabu
UG-T7-162,COMP401,Syed Meesum
UG-T7-162,COMP350,Srikumar Subramanian
UG-T10-023,ECON206,Sarabjeet Natesan
UG-T10-023,COMP246,Ravi Prakash
UG-T10-029,ECON206,Sarabjeet Natesan
UG-T10-029,ECON313,Rohan Gudibande
UG-T10-029,ECON330|BUSI330,Sarabjeet Natesan
UG-T10-029,COMP246,Ravi Prakash
UG-T10-029,DATA231|COMP231,Rangachary Kommanduri
UG-T7-089,ECON206,Sarabjeet Natesan
UG-T7-089,ECON205|HIST211,Rohit Prabu
UG-T10-012,ECON206,Sarabjeet Natesan
UG-T10-012,ECON313,Rohan Gudibande
UG-T10-012,ECON205|HIST211,Rohit Prabu
UG-T10-033,ECON206,Sarabjeet Natesan
UG-T10-033,ECON313,Rohan Gudibande
UG-T10-033,POLT203,Dyotana Banerjee
UG-T10-033,POLT307,Proma Raychaudhury
UG-T7-026,ECON313,Rohan Gudibande
UG-T7-026,ECON330|BUSI330,Sarabjeet Natesan
UG-T7-026,ECON205|HIST211,Rohit Prabu
UG-T7-044,ECON313,Rohan Gudibande
UG-T7-044,ENVS235,Lakshmi Narayanan
UG-T7-090,ECON313,Rohan Gudibande
UG-T7-090,ECON330|BUSI330,Sarabjeet Natesan
UG-T7-090,ECON205|HIST211,Rohit Prabu
UG-T7-090,POLT202,Sambaiah Gundimeda
UG-T7-094,ECON313,Rohan Gudibande
UG-T7-098,ECON313,Rohan Gudibande
UG-T7-098,ECON330|BUSI330,Sarabjeet Natesan
UG-T7-098,DATA231|COMP231,Rangachary Kommanduri
UG-T7-121,ECON313,Rohan Gudibande
UG-T7-121,ECON330|BUSI330,Sarabjeet Natesan
UG-T7-121,COMP401,Syed Meesum
UG-T7-121,COMP350,Srikumar Subramanian
UG-T7-128,ECON313,Rohan Gudibande
UG-T7-128,ECON205|HIST211,Rohit Prabu
UG-T7-128,MATH201,Rishi Vyas
UG-T7-128,MATH230,Shuchita Goyal
UG-T10-004,ECON313,Rohan Gudibande
UG-T7-171,ECON313,Rohan Gudibande
UG-T7-171,ECON330|BUSI330,Sarabjeet Natesan
UG-T7-171,COMP401,Syed Meesum
UG-T7-171,COMP350,Srikumar Subramanian
UG-T7-055,HIST337,Preeti Gulati
UG-T7-055,POLT202,Sambaiah Gundimeda
UG-T10-005,ECON330|BUSI330,Sarabjeet Natesan
UG-T7-108,ECON205|HIST211,Rohit Prabu
UG-T7-108,HIST336,Preeti Gulati
UG-T7-108,HIST215,Shanti Pappu
UG-T7-108,POLT316|HIST316,Swarna Rajagopalan
UG-T7-140,HIST336,Preeti Gulati
UG-T7-140,POLT202,Sambaiah Gundimeda
UG-T7-140,SOCL305|POLT305|HIST305,Gowhar Fazili
UG-T10-006,HIST336,Preeti Gulati
UG-T10-006,POLT203,Dyotana Banerjee
UG-T10-006,POLT317,Shilpi Singh
UG-T4-021,HIST337,Preeti Gulati
UG-T4-021,HIST215,Shanti Pappu
UG-T4-021,POLT202,Sambaiah Gundimeda
UG-T4-021,POLT203,Dyotana Banerjee
UG-T4-034,ECON205|HIST211,Rohit Prabu
UG-T4-034,HIST337,Preeti Gulati
UG-T4-034,POLT301|SOCL302|PHIL302,Bishnu Mohapatra
UG-T4-034,LITT206,Prajwal Parajuly
UG-T4-046,HIST337,Preeti Gulati
UG-T4-046,HIST334,Rohit Prabu
UG-T4-046,POLT202,Sambaiah Gundimeda
UG-T4-046,POLT203,Dyotana Banerjee
UG-T4-077,HIST337,Preeti Gulati
UG-T4-080,HIST337,Preeti Gulati
UG-T4-080,ARTS315|HIST335|ENVS316,Anurag Singh
UG-T4-080,LITT223,Namrata Sathe
UG-T4-120,HIST337,Preeti Gulati
UG-T4-120,POLT202,Sambaiah Gundimeda
UG-T4-120,POLT203,Dyotana Banerjee
UG-T4-120,POLT301|SOCL302|PHIL302,Bishnu Mohapatra
UG-T4-137,HIST337,Preeti Gulati
UG-T4-137,HIST215,Shanti Pappu
UG-T4-137,POLT202,Sambaiah Gundimeda
UG-T4-137,POLT203,Dyotana Banerjee
UG-T4-184,HIST337,Preeti Gulati
UG-T4-184,HIST215,Shanti Pappu
UG-T4-184,POLT202,Sambaiah Gundimeda
UG-T4-184,POLT203,Dyotana Banerjee
UG-T4-217,HIST337,Preeti Gulati
UG-T4-217,HIST215,Shanti Pappu
UG-T4-217,POLT202,Sambaiah Gundimeda
UG-T4-217,POLT203,Dyotana Banerjee
UG-T4-238,HIST337,Preeti Gulati
UG-T4-253,HIST337,Preeti Gulati
UG-T4-253,ENVS206,Bharath Sundaram
UG-T4-253,ENVS235,Lakshmi Narayanan
UG-T4-253,ENVS305,Jessica Seddon
UG-T7-019,HIST337,Preeti Gulati
UG-T7-019,HIST215,Shanti Pappu
UG-T7-019,POLT431&POLT631,Geeti Das
UG-T7-019,SOCL305|POLT305|HIST305,Gowhar Fazili
UG-T10-016,HIST337,Preeti Gulati
UG-T10-016,HIST215,Shanti Pappu
UG-T10-016,POLT317,Shilpi Singh
UG-T4-097,ECON205|HIST211,Rohit Prabu
UG-T4-097,HIST334,Rohit Prabu
UG-T4-097,POLT202,Sambaiah Gundimeda
UG-T4-097,ENVS305,Jessica Seddon
UG-T7-116,HIST215,Shanti Pappu
UG-T7-116,SOCL305|POLT305|HIST305,Gowhar Fazili
UG-T7-116,ARTS315|HIST335|ENVS316,Anurag Singh
UG-T7-179,HIST215,Shanti Pappu
UG-T7-179,ENVS235,Lakshmi Narayanan
UG-T7-179,ENVS310,Jaideep Hardikar
UG-T10-001,HIST215,Shanti Pappu
UG-T10-001,POLT317,Shilpi Singh
UG-T10-001,POLT307,Proma Raychaudhury
UG-T4-160,PHIL202,Vivek Radhakrishnan
UG-T4-160,ARTS315|HIST335|ENVS316,Anurag Singh
UG-T4-160,PSYC226,Sayantan Mandal
UG-T4-202,PHIL202,Vivek Radhakrishnan
UG-T4-202,PHIL205,Shikha Rajpurohit
UG-T4-206,PHIL202,Vivek Radhakrishnan
UG-T4-206,ARTS201,Srajana Kaikini
UG-T4-206,ARTS315|HIST335|ENVS316,Anurag Singh
UG-T4-206,ARTS231,Kaveri Bharath
UG-T7-006,PHIL202,Vivek Radhakrishnan
UG-T7-006,POLT316|HIST316,Swarna Rajagopalan
UG-T7-006,LITT223,Namrata Sathe
UG-T7-001,PHIL202,Vivek Radhakrishnan
UG-T7-001,CHEM213|BIOS213,KS Viswanathan
UG-T7-001,COMP401,Syed Meesum
UG-T7-001,COMP350,Srikumar Subramanian
UG-T7-010,PHIL202,Vivek Radhakrishnan
UG-T7-010,PHIL205,Shikha Rajpurohit
UG-T7-010,ARTS201,Srajana Kaikini
UG-T4-008,PHIL205,Shikha Rajpurohit
UG-T4-008,BIOS201,"Yadugiri Tiruvaimozhi, Vaishali Sharma, and John Matthew"
UG-T7-004,PHIL205,Shikha Rajpurohit
UG-T7-004,POLT334|SOCL334,Shilpi Singh
UG-T7-004,ARTS231,Kaveri Bharath
UG-T7-099,PHIL205,Shikha Rajpurohit
UG-T7-099,PHYS222,Tanmoy Chakrabarty
UG-T7-099,PHYS301,Sivakumar Srinivasan
UG-T7-099,PHYS227,Venkata Badram
UG-T4-009,POLT202,Sambaiah Gundimeda
UG-T4-009,POLT203,Dyotana Banerjee
UG-T4-009,POLT301|SOCL302|PHIL302,Bishnu Mohapatra
UG-T4-009,SOCL215|POLT222,Panchali Ray
UG-T4-019,POLT202,Sambaiah Gundimeda
UG-T4-019,POLT203,Dyotana Banerjee
UG-T4-022,POLT202,Sambaiah Gundimeda
UG-T4-022,POLT203,Dyotana Banerjee
UG-T4-053,POLT202,Sambaiah Gundimeda
UG-T4-053,POLT203,Dyotana Banerjee
UG-T4-058,POLT202,Sambaiah Gundimeda
UG-T4-058,POLT203,Dyotana Banerjee
UG-T4-058,ENVS201,Annu Jalais
UG-T4-058,ENVS305,Jessica Seddon
UG-T4-061,POLT202,Sambaiah Gundimeda
UG-T4-061,POLT203,Dyotana Banerjee
UG-T4-061,LITT206,Prajwal Parajuly
UG-T4-061,LITT223,Namrata Sathe
UG-T4-069,POLT202,Sambaiah Gundimeda
UG-T4-069,POLT203,Dyotana Banerjee
UG-T4-069,POLT301|SOCL302|PHIL302,Bishnu Mohapatra
UG-T4-069,POLT334|SOCL334,Shilpi Singh
UG-T4-090,POLT202,Sambaiah Gundimeda
UG-T4-090,POLT203,Dyotana Banerjee
UG-T4-090,POLT301|SOCL302|PHIL302,Bishnu Mohapatra
UG-T4-090,SOCL215|POLT222,Panchali Ray
UG-T4-093,BUSI203,Swayam Sampurna Panigrahi
UG-T4-093,POLT202,Sambaiah Gundimeda
UG-T4-093,POLT203,Dyotana Banerjee
UG-T4-114,POLT202,Sambaiah Gundimeda
UG-T4-114,POLT203,Dyotana Banerjee
UG-T4-114,SOCL215|POLT222,Panchali Ray
UG-T4-114,ENVS305,Jessica Seddon
UG-T4-121,POLT202,Sambaiah Gundimeda
UG-T4-121,POLT203,Dyotana Banerjee
UG-T4-121,POLT334|SOCL334,Shilpi Singh
UG-T4-121,SOCL305|POLT305|HIST305,Gowhar Fazili
UG-T4-121,SOCL215|POLT222,Panchali Ray
UG-T4-258,POLT202,Sambaiah Gundimeda
UG-T4-258,POLT203,Dyotana Banerjee
UG-T4-132,POLT202,Sambaiah Gundimeda
UG-T4-132,POLT203,Dyotana Banerjee
UG-T4-155,POLT202,Sambaiah Gundimeda
UG-T4-155,POLT203,Dyotana Banerjee
UG-T4-157,POLT202,Sambaiah Gundimeda
UG-T4-187,POLT202,Sambaiah Gundimeda
UG-T4-188,POLT202,Sambaiah Gundimeda
UG-T4-188,POLT203,Dyotana Banerjee
UG-T4-196,POLT202,Sambaiah Gundimeda
UG-T4-196,POLT203,Dyotana Banerjee
UG-T4-198,POLT202,Sambaiah Gundimeda
UG-T4-198,POLT203,Dyotana Banerjee
UG-T4-198,SOCL305|POLT305|HIST305,Gowhar Fazili
UG-T4-198,SOCL215|POLT222,Panchali Ray
UG-T4-214,POLT202,Sambaiah Gundimeda
UG-T4-214,POLT203,Dyotana Banerjee
UG-T4-218,POLT202,Sambaiah Gundimeda
UG-T4-218,ENVS201,Annu Jalais
UG-T4-218,ENVS206,Bharath Sundaram
UG-T4-218,ENVS235,Lakshmi Narayanan
UG-T4-232,POLT202,Sambaiah Gundimeda
UG-T4-249,POLT202,Sambaiah Gundimeda
UG-T4-249,POLT203,Dyotana Banerjee
UG-T4-249,SOCL215|POLT222,Panchali Ray
UG-T7-130,POLT202,Sambaiah Gundimeda
UG-T7-130,ARTS202,Swarnamalya Ganesh
UG-T7-130,ENVS235,Lakshmi Narayanan
UG-T4-079,POLT202,Sambaiah Gundimeda
UG-T4-079,POLT334|SOCL334,Shilpi Singh
UG-T4-079,LITT223,Namrata Sathe
UG-T7-088,POLT431&POLT631,Geeti Das
UG-T7-088,POLT203,Dyotana Banerjee
UG-T7-088,POLT301|SOCL302|PHIL302,Bishnu Mohapatra
UG-T10-008,POLT203,Dyotana Banerjee
UG-T10-008,POLT307,Proma Raychaudhury
UG-T10-008,POLT316|HIST316,Swarna Rajagopalan
UG-T10-017,POLT317,Shilpi Singh
UG-T10-020,POLT317,Shilpi Singh
UG-T10-020,POLT307,Proma Raychaudhury
UG-T10-020,POLT316|HIST316,Swarna Rajagopalan
UG-T7-103,POLT307,Proma Raychaudhury
UG-T7-103,POLT316|HIST316,Swarna Rajagopalan
UG-T7-150,POLT307,Proma Raychaudhury
UG-T7-150,POLT316|HIST316,Swarna Rajagopalan
UG-T7-150,SOCL215|POLT222,Panchali Ray
UG-T7-150,COMP401,Syed Meesum
UG-T7-159,POLT307,Proma Raychaudhury
UG-T7-159,POLT316|HIST316,Swarna Rajagopalan
UG-T7-159,SOCL215|POLT222,Panchali Ray
UG-T7-166,POLT307,Proma Raychaudhury
UG-T7-166,POLT316|HIST316,Swarna Rajagopalan
UG-T4-159,POLT301|SOCL302|PHIL302,Bishnu Mohapatra
UG-T4-159,SOCL305|POLT305|HIST305,Gowhar Fazili
UG-T7-170,POLT431&POLT631,Geeti Das
UG-T7-170,SOCL305|POLT305|HIST305,Gowhar Fazili
UG-T7-074,ECON205|HIST211,Rohit Prabu
UG-T10-026,POLT301|SOCL302|PHIL302,Bishnu Mohapatra
UG-T10-026,SOCL305|POLT305|HIST305,Gowhar Fazili
UG-T10-026,SOCL215|POLT222,Panchali Ray
UG-T4-083,ARTS201,Srajana Kaikini
UG-T4-083,ARTS202,Swarnamalya Ganesh
UG-T4-083,COMP204,Syed Meesum
UG-T4-083,COMP201,Prathamesh Turaga
UG-T4-122,ARTS201,Srajana Kaikini
UG-T4-122,ARTS231,Kaveri Bharath
UG-T4-123,ARTS201,Srajana Kaikini
UG-T4-123,ARTS202,Swarnamalya Ganesh
UG-T4-123,COMP204,Syed Meesum
UG-T4-123,COMP201,Prathamesh Turaga
UG-T4-141,ARTS201,Srajana Kaikini
UG-T4-141,ARTS231,Kaveri Bharath
UG-T4-141,LITT206,Prajwal Parajuly
UG-T4-144,ARTS201,Srajana Kaikini
UG-T4-189,ARTS201,Srajana Kaikini
UG-T4-189,ARTS202,Swarnamalya Ganesh
UG-T4-189,ARTS315|HIST335|ENVS316,Anurag Singh
UG-T4-189,LITT223,Namrata Sathe
UG-T4-195,ARTS201,Srajana Kaikini
UG-T4-195,ARTS202,Swarnamalya Ganesh
UG-T4-195,LITT206,Prajwal Parajuly
UG-T4-240,ARTS201,Srajana Kaikini
UG-T4-240,COMP204,Syed Meesum
UG-T7-064,ARTS201,Srajana Kaikini
UG-T7-064,LITT223,Namrata Sathe
UG-T7-064,PSYC226,Sayantan Mandal
UG-T7-155,ARTS201,Srajana Kaikini
UG-T7-155,ARTS315|HIST335|ENVS316,Anurag Singh
UG-T7-155,PSYC226,Sayantan Mandal
UG-T4-229,ARTS201,Srajana Kaikini
UG-T4-229,ARTS231,Kaveri Bharath
UG-T7-066,BUSI203,Swayam Sampurna Panigrahi
UG-T7-066,ARTS202,Swarnamalya Ganesh
UG-T7-066,PSYC321,Neha Aggarwal
UG-T7-110,ARTS202,Swarnamalya Ganesh
UG-T7-110,LITT308,Kishore Gaurav
UG-T7-110,LITT338,Prajwal Parajuly
UG-T7-049,POLT431&POLT631,Geeti Das
UG-T7-049,LITT308,Kishore Gaurav
UG-T7-068,LITT308,Kishore Gaurav
UG-T7-068,LITT338,Prajwal Parajuly
UG-T7-068,PSYC226,Sayantan Mandal
UG-T7-068,PSYC321,Neha Aggarwal
UG-T7-084,LITT308,Kishore Gaurav
UG-T7-084,MATH304,Shibi Vasudevan
UG-T7-084,PHYS201|CHEM211,Rama Kamineni
UG-T7-105,POLT431&POLT631,Geeti Das
UG-T7-105,POLT301|SOCL302|PHIL302,Bishnu Mohapatra
UG-T7-105,LITT308,Kishore Gaurav
UG-T7-124,LITT206,Prajwal Parajuly
UG-T7-124,LITT308,Kishore Gaurav
UG-T7-124,LITT338,Prajwal Parajuly
UG-T7-133,LITT206,Prajwal Parajuly
UG-T7-133,LITT308,Kishore Gaurav
UG-T7-133,LITT338,Prajwal Parajuly
UG-T4-012,BIOS201,"Yadugiri Tiruvaimozhi, Vaishali Sharma, and John Matthew"
UG-T4-014,ENVS201,Annu Jalais
UG-T4-014,ENVS206,Bharath Sundaram
UG-T4-014,ENVS235,Lakshmi Narayanan
UG-T4-066,COMP204,Syed Meesum
UG-T4-066,COMP201,Prathamesh Turaga
UG-T4-066,DATA231|COMP231,Rangachary Kommanduri
UG-T4-066,PHYS211|COMP211,Tanmoy Chakrabarty
UG-T4-068,MATH230,Shuchita Goyal
UG-T4-068,PHYS201|CHEM211,Rama Kamineni
UG-T4-068,PHYS221,Tanmoy Chakrabarty
UG-T4-068,PHYS211|COMP211,Tanmoy Chakrabarty
UG-T4-096,LITT223,Namrata Sathe
UG-T4-210,LITT206,Prajwal Parajuly
UG-T4-210,ENVS201,Annu Jalais
UG-T4-210,ENVS206,Bharath Sundaram
UG-T4-228,ARTS315|HIST335|ENVS316,Anurag Singh
UG-T4-228,ENVS201,Annu Jalais
UG-T4-228,ENVS206,Bharath Sundaram
UG-T4-172,LITT223,Namrata Sathe
UG-T4-029,LITT206,Prajwal Parajuly
UG-T4-029,LITT223,Namrata Sathe
UG-T4-082,LITT206,Prajwal Parajuly
UG-T4-082,LITT223,Namrata Sathe
UG-T4-088,LITT223,Namrata Sathe
UG-T4-088,BIOS201,"Yadugiri Tiruvaimozhi, Vaishali Sharma, and John Matthew"
UG-T4-088,CHEM213|BIOS213,KS Viswanathan
UG-T4-142,LITT206,Prajwal Parajuly
UG-T4-142,LITT223,Namrata Sathe
UG-T4-158,LITT206,Prajwal Parajuly
UG-T4-158,LITT223,Namrata Sathe
UG-T4-235,LITT206,Prajwal Parajuly
UG-T4-235,LITT223,Namrata Sathe
UG-T7-176,LITT223,Namrata Sathe
UG-T7-176,PSYC226,Sayantan Mandal
UG-T7-176,PSYC321,Neha Aggarwal
UG-T7-030,POLT431&POLT631,Geeti Das
UG-T7-030,POLT316|HIST316,Swarna Rajagopalan
UG-T7-030,LITT338,Prajwal Parajuly
UG-T4-011,BIOS201,"Yadugiri Tiruvaimozhi, Vaishali Sharma, and John Matthew"
UG-T4-011,PSYC226,Sayantan Mandal
UG-T4-020,BIOS201,"Yadugiri Tiruvaimozhi, Vaishali Sharma, and John Matthew"
UG-T4-020,CHEM213|BIOS213,KS Viswanathan
UG-T4-025,BIOS201,"Yadugiri Tiruvaimozhi, Vaishali Sharma, and John Matthew"
UG-T4-025,CHEM213|BIOS213,KS Viswanathan
UG-T4-026,BIOS201,"Yadugiri Tiruvaimozhi, Vaishali Sharma, and John Matthew"
UG-T4-026,CHEM213|BIOS213,KS Viswanathan
UG-T4-026,ENVS206,Bharath Sundaram
UG-T4-028,BIOS201,"Yadugiri Tiruvaimozhi, Vaishali Sharma, and John Matthew"
UG-T4-028,CHEM213|BIOS213,KS Viswanathan
UG-T4-032,BIOS201,"Yadugiri Tiruvaimozhi, Vaishali Sharma, and John Matthew"
UG-T4-032,CHEM213|BIOS213,KS Viswanathan
UG-T4-035,BIOS201,"Yadugiri Tiruvaimozhi, Vaishali Sharma, and John Matthew"
UG-T4-035,CHEM213|BIOS213,KS Viswanathan
UG-T4-040,ARTS228,Kaveri Bharath
UG-T4-040,BIOS201,"Yadugiri Tiruvaimozhi, Vaishali Sharma, and John Matthew"
UG-T4-042,BIOS201,"Yadugiri Tiruvaimozhi, Vaishali Sharma, and John Matthew"
UG-T4-042,CHEM213|BIOS213,KS Viswanathan
UG-T4-042,ENVS235,Lakshmi Narayanan
UG-T4-043,POLT334|SOCL334,Shilpi Singh
UG-T4-043,BIOS201,"Yadugiri Tiruvaimozhi, Vaishali Sharma, and John Matthew"
UG-T4-044,BIOS201,"Yadugiri Tiruvaimozhi, Vaishali Sharma, and John Matthew"
UG-T4-044,CHEM213|BIOS213,KS Viswanathan
UG-T4-044,ENVS201,Annu Jalais
UG-T4-044,ENVS206,Bharath Sundaram
UG-T4-047,BIOS201,"Yadugiri Tiruvaimozhi, Vaishali Sharma, and John Matthew"
UG-T4-047,BIOS251|HIST251,John Mathew
UG-T4-047,CHEM213|BIOS213,KS Viswanathan
UG-T4-049,BIOS201,"Yadugiri Tiruvaimozhi, Vaishali Sharma, and John Matthew"
UG-T4-049,CHEM213|BIOS213,KS Viswanathan
UG-T4-049,COMP204,Syed Meesum
UG-T4-049,COMP201,Prathamesh Turaga
UG-T4-056,BIOS201,"Yadugiri Tiruvaimozhi, Vaishali Sharma, and John Matthew"
UG-T4-056,CHEM213|BIOS213,KS Viswanathan
UG-T4-060,BIOS201,"Yadugiri Tiruvaimozhi, Vaishali Sharma, and John Matthew"
UG-T4-060,CHEM213|BIOS213,KS Viswanathan
UG-T4-060,PHYS201|CHEM211,Rama Kamineni
UG-T4-060,PHYS221,Tanmoy Chakrabarty
UG-T4-060,PHYS211|COMP211,Tanmoy Chakrabarty
UG-T4-072,BIOS201,"Yadugiri Tiruvaimozhi, Vaishali Sharma, and John Matthew"
UG-T4-072,CHEM213|BIOS213,KS Viswanathan
UG-T4-084,BIOS201,"Yadugiri Tiruvaimozhi, Vaishali Sharma, and John Matthew"
UG-T4-084,CHEM213|BIOS213,KS Viswanathan
UG-T4-087,BIOS201,"Yadugiri Tiruvaimozhi, Vaishali Sharma, and John Matthew"
UG-T4-087,CHEM213|BIOS213,KS Viswanathan
UG-T4-098,BIOS201,"Yadugiri Tiruvaimozhi, Vaishali Sharma, and John Matthew"
UG-T4-098,PSYC226,Sayantan Mandal
UG-T4-105,BIOS201,"Yadugiri Tiruvaimozhi, Vaishali Sharma, and John Matthew"
UG-T4-105,CHEM213|BIOS213,KS Viswanathan
UG-T4-107,BIOS201,"Yadugiri Tiruvaimozhi, Vaishali Sharma, and John Matthew"
UG-T4-115,BIOS201,"Yadugiri Tiruvaimozhi, Vaishali Sharma, and John Matthew"
UG-T4-115,CHEM213|BIOS213,KS Viswanathan
UG-T4-115,CHEM215,Surajit Kayal
UG-T4-118,BIOS201,"Yadugiri Tiruvaimozhi, Vaishali Sharma, and John Matthew"
UG-T4-118,CHEM213|BIOS213,KS Viswanathan
UG-T4-124,BIOS201,"Yadugiri Tiruvaimozhi, Vaishali Sharma, and John Matthew"
UG-T4-124,CHEM213|BIOS213,KS Viswanathan
UG-T4-124,CHEM215,Surajit Kayal
UG-T4-126,BIOS201,"Yadugiri Tiruvaimozhi, Vaishali Sharma, and John Matthew"
UG-T4-126,CHEM213|BIOS213,KS Viswanathan
UG-T4-126,PHYS201|CHEM211,Rama Kamineni
UG-T4-126,PHYS221,Tanmoy Chakrabarty
UG-T4-126,PHYS211|COMP211,Tanmoy Chakrabarty
UG-T4-129,BIOS201,"Yadugiri Tiruvaimozhi, Vaishali Sharma, and John Matthew"
UG-T4-129,ENVS201,Annu Jalais
UG-T4-129,ENVS206,Bharath Sundaram
UG-T4-135,BIOS201,"Yadugiri Tiruvaimozhi, Vaishali Sharma, and John Matthew"
UG-T4-135,CHEM213|BIOS213,KS Viswanathan
UG-T4-139,BIOS201,"Yadugiri Tiruvaimozhi, Vaishali Sharma, and John Matthew"
UG-T4-140,BIOS201,"Yadugiri Tiruvaimozhi, Vaishali Sharma, and John Matthew"
UG-T4-140,CHEM213|BIOS213,KS Viswanathan
UG-T4-140,CHEM215,Surajit Kayal
UG-T4-143,BIOS201,"Yadugiri Tiruvaimozhi, Vaishali Sharma, and John Matthew"
UG-T4-143,PSYC226,Sayantan Mandal
UG-T4-151,BIOS201,"Yadugiri Tiruvaimozhi, Vaishali Sharma, and John Matthew"
UG-T4-151,CHEM213|BIOS213,KS Viswanathan
UG-T4-153,BIOS201,"Yadugiri Tiruvaimozhi, Vaishali Sharma, and John Matthew"
UG-T4-154,BIOS201,"Yadugiri Tiruvaimozhi, Vaishali Sharma, and John Matthew"
UG-T4-154,PSYC226,Sayantan Mandal
UG-T4-156,BIOS201,"Yadugiri Tiruvaimozhi, Vaishali Sharma, and John Matthew"
UG-T4-156,CHEM213|BIOS213,KS Viswanathan
UG-T4-165,BIOS201,"Yadugiri Tiruvaimozhi, Vaishali Sharma, and John Matthew"
UG-T4-165,ENVS201,Annu Jalais
UG-T4-165,ENVS206,Bharath Sundaram
UG-T4-165,ENVS235,Lakshmi Narayanan
UG-T4-175,BIOS201,"Yadugiri Tiruvaimozhi, Vaishali Sharma, and John Matthew"
UG-T4-175,CHEM213|BIOS213,KS Viswanathan
UG-T4-175,ENVS206,Bharath Sundaram
UG-T4-182,BIOS201,"Yadugiri Tiruvaimozhi, Vaishali Sharma, and John Matthew"
UG-T4-183,BIOS201,"Yadugiri Tiruvaimozhi, Vaishali Sharma, and John Matthew"
UG-T4-183,CHEM213|BIOS213,KS Viswanathan
UG-T4-185,SOCL305|POLT305|HIST305,Gowhar Fazili
UG-T4-185,BIOS201,"Yadugiri Tiruvaimozhi, Vaishali Sharma, and John Matthew"
UG-T4-185,CHEM213|BIOS213,KS Viswanathan
UG-T4-186,BIOS201,"Yadugiri Tiruvaimozhi, Vaishali Sharma, and John Matthew"
UG-T4-186,CHEM213|BIOS213,KS Viswanathan
UG-T4-186,CHEM215,Surajit Kayal
UG-T4-192,BIOS201,"Yadugiri Tiruvaimozhi, Vaishali Sharma, and John Matthew"
UG-T4-192,CHEM213|BIOS213,KS Viswanathan
UG-T4-192,COMP201,Prathamesh Turaga
UG-T4-207,BIOS201,"Yadugiri Tiruvaimozhi, Vaishali Sharma, and John Matthew"
UG-T4-207,CHEM213|BIOS213,KS Viswanathan
UG-T4-207,ENVS201,Annu Jalais
UG-T4-207,ENVS206,Bharath Sundaram
UG-T4-212,BIOS201,"Yadugiri Tiruvaimozhi, Vaishali Sharma, and John Matthew"
UG-T4-212,CHEM213|BIOS213,KS Viswanathan
UG-T4-226,BIOS201,"Yadugiri Tiruvaimozhi, Vaishali Sharma, and John Matthew"
UG-T4-226,PSYC226,Sayantan Mandal
UG-T4-231,BIOS201,"Yadugiri Tiruvaimozhi, Vaishali Sharma, and John Matthew"
UG-T4-231,CHEM213|BIOS213,KS Viswanathan
UG-T4-241,BIOS201,"Yadugiri Tiruvaimozhi, Vaishali Sharma, and John Matthew"
UG-T4-241,BIOS251|HIST251,John Mathew
UG-T4-241,CHEM213|BIOS213,KS Viswanathan
UG-T7-172,POLT431&POLT631,Geeti Das
UG-T7-172,ARTS231,Kaveri Bharath
UG-T7-172,BIOS201,"Yadugiri Tiruvaimozhi, Vaishali Sharma, and John Matthew"
UG-T7-172,BIOS251|HIST251,John Mathew
UG-T7-057,BIOS201,"Yadugiri Tiruvaimozhi, Vaishali Sharma, and John Matthew"
UG-T7-057,CHEM213|BIOS213,KS Viswanathan
UG-T7-057,PHYS222,Tanmoy Chakrabarty
UG-T7-057,PHYS301,Sivakumar Srinivasan
UG-T7-057,PHYS227,Venkata Badram
UG-T7-173,BIOS201,"Yadugiri Tiruvaimozhi, Vaishali Sharma, and John Matthew"
UG-T7-173,ENVS206,Bharath Sundaram
UG-T7-173,ENVS235,Lakshmi Narayanan
UG-T4-147,BIOS201,"Yadugiri Tiruvaimozhi, Vaishali Sharma, and John Matthew"
UG-T4-147,CHEM213|BIOS213,KS Viswanathan
UG-T7-083,BIOS224,Shivani Jadeja
UG-T7-083,BIOS251|HIST251,John Mathew
UG-T7-083,BIOS235|ENVS236,Shivani Jadeja
UG-T7-083,PHYS222,Tanmoy Chakrabarty
UG-T7-083,PHYS227,Venkata Badram
UG-T7-141,BIOS224,Shivani Jadeja
UG-T7-141,BIOS251|HIST251,John Mathew
UG-T7-141,CHEM213|BIOS213,KS Viswanathan
UG-T7-141,PSYC321,Neha Aggarwal
UG-T7-024,BIOS205,Gautam Banerjee
UG-T7-024,PSYC226,Sayantan Mandal
UG-T7-024,PSYC321,Neha Aggarwal
UG-T7-025,BIOS205,Gautam Banerjee
UG-T7-025,BIOS235|ENVS236,Shivani Jadeja
UG-T7-025,CHEM218,Raghu Vamsy Maligal/TBD
UG-T7-025,CHEM217,Ravikumar Komaragiri
UG-T7-025,CHEM212,Raghu Vamsy Maligal
UG-T7-029,BIOS205,Gautam Banerjee
UG-T7-029,BIOS235|ENVS236,Shivani Jadeja
UG-T7-029,PSYC321,Neha Aggarwal
UG-T7-031,BIOS205,Gautam Banerjee
UG-T7-031,BIOS251|HIST251,John Mathew
UG-T7-031,BIOS235|ENVS236,Shivani Jadeja
UG-T7-031,CHEM217,Ravikumar Komaragiri
UG-T7-031,CHEM212,Raghu Vamsy Maligal
UG-T7-033,BIOS205,Gautam Banerjee
UG-T7-033,CHEM218,Raghu Vamsy Maligal/TBD
UG-T7-033,CHEM217,Ravikumar Komaragiri
UG-T7-033,CHEM212,Raghu Vamsy Maligal
UG-T7-053,BIOS205,Gautam Banerjee
UG-T7-053,CHEM213|BIOS213,KS Viswanathan
UG-T7-056,BIOS205,Gautam Banerjee
UG-T7-056,CHEM215,Surajit Kayal
UG-T7-056,CHEM217,Ravikumar Komaragiri
UG-T7-056,CHEM212,Raghu Vamsy Maligal
UG-T7-058,BIOS205,Gautam Banerjee
UG-T7-058,CHEM215,Surajit Kayal
UG-T7-058,CHEM217,Ravikumar Komaragiri
UG-T7-058,CHEM212,Raghu Vamsy Maligal
UG-T7-059,BIOS205,Gautam Banerjee
UG-T7-059,BIOS251|HIST251,John Mathew
UG-T7-059,BIOS235|ENVS236,Shivani Jadeja
UG-T7-072,BIOS205,Gautam Banerjee
UG-T7-072,BIOS235|ENVS236,Shivani Jadeja
UG-T7-072,ENVS235,Lakshmi Narayanan
UG-T7-072,ENVS310,Jaideep Hardikar
UG-T7-079,BIOS205,Gautam Banerjee
UG-T7-079,BIOS251|HIST251,John Mathew
UG-T7-079,BIOS235|ENVS236,Shivani Jadeja
UG-T7-079,CHEM217,Ravikumar Komaragiri
UG-T7-079,CHEM212,Raghu Vamsy Maligal
UG-T7-095,BIOS205,Gautam Banerjee
UG-T7-095,BIOS235|ENVS236,Shivani Jadeja
UG-T7-095,ENVS201,Annu Jalais
UG-T7-095,ENVS235,Lakshmi Narayanan
UG-T7-095,ENVS305,Jessica Seddon
UG-T7-096,BIOS205,Gautam Banerjee
UG-T7-096,BIOS235|ENVS236,Shivani Jadeja
UG-T7-096,ENVS201,Annu Jalais
UG-T7-096,ENVS206,Bharath Sundaram
UG-T7-096,ENVS235,Lakshmi Narayanan
UG-T7-097,BIOS205,Gautam Banerjee
UG-T7-097,CHEM218,Raghu Vamsy Maligal/TBD
UG-T7-097,CHEM217,Ravikumar Komaragiri
UG-T7-097,CHEM212,Raghu Vamsy Maligal
UG-T7-100,BIOS205,Gautam Banerjee
UG-T7-100,BIOS251|HIST251,John Mathew
UG-T7-100,BIOS235|ENVS236,Shivani Jadeja
UG-T7-100,ENVS235,Lakshmi Narayanan
UG-T7-100,ENVS310,Jaideep Hardikar
UG-T7-113,BIOS205,Gautam Banerjee
UG-T7-113,BIOS235|ENVS236,Shivani Jadeja
UG-T7-113,CHEM217,Ravikumar Komaragiri
UG-T7-113,CHEM212,Raghu Vamsy Maligal
UG-T7-174,BIOS205,Gautam Banerjee
UG-T7-174,BIOS235|ENVS236,Shivani Jadeja
UG-T7-117,BIOS205,Gautam Banerjee
UG-T7-117,BIOS251|HIST251,John Mathew
UG-T7-117,BIOS235|ENVS236,Shivani Jadeja
UG-T7-117,CHEM217,Ravikumar Komaragiri
UG-T7-117,CHEM212,Raghu Vamsy Maligal
UG-T7-127,BIOS205,Gautam Banerjee
UG-T7-127,BIOS251|HIST251,John Mathew
UG-T7-127,BIOS235|ENVS236,Shivani Jadeja
UG-T7-127,ENVS305,Jessica Seddon
UG-T7-142,BIOS205,Gautam Banerjee
UG-T7-142,BIOS235|ENVS236,Shivani Jadeja
UG-T7-142,CHEM215,Surajit Kayal
UG-T7-142,CHEM217,Ravikumar Komaragiri
UG-T7-142,CHEM212,Raghu Vamsy Maligal
UG-T7-143,BIOS205,Gautam Banerjee
UG-T7-143,CHEM215,Surajit Kayal
UG-T7-143,CHEM217,Ravikumar Komaragiri
UG-T7-145,ARTS315|HIST335|ENVS316,Anurag Singh
UG-T7-145,BIOS205,Gautam Banerjee
UG-T7-145,BIOS251|HIST251,John Mathew
UG-T7-152,BIOS205,Gautam Banerjee
UG-T7-152,BIOS251|HIST251,John Mathew
UG-T7-152,BIOS235|ENVS236,Shivani Jadeja
UG-T7-152,ENVS235,Lakshmi Narayanan
UG-T7-177,BIOS205,Gautam Banerjee
UG-T7-177,BIOS235|ENVS236,Shivani Jadeja
UG-T7-177,ENVS235,Lakshmi Narayanan
UG-T7-177,PSYC226,Sayantan Mandal
UG-T7-165,BIOS205,Gautam Banerjee
UG-T7-165,BIOS235|ENVS236,Shivani Jadeja
UG-T10-002,ARTS228,Kaveri Bharath
UG-T10-002,BIOS205,Gautam Banerjee
UG-T10-002,ENVS305,Jessica Seddon
UG-T10-014,BIOS205,Gautam Banerjee
UG-T10-014,BIOS401,Vaishali Sharma
UG-T10-014,CHEM213|BIOS213,KS Viswanathan
UG-T10-031,BIOS205,Gautam Banerjee
UG-T10-031,CHEM213|BIOS213,KS Viswanathan
UG-T4-067,CHEM213|BIOS213,KS Viswanathan
UG-T4-067,CHEM215,Surajit Kayal
UG-T4-067,ENVS235,Lakshmi Narayanan
UG-T4-101,CHEM213|BIOS213,KS Viswanathan
UG-T4-101,CHEM215,Surajit Kayal
UG-T4-101,ENVS201,Annu Jalais
UG-T4-221,CHEM213|BIOS213,KS Viswanathan
UG-T4-221,CHEM215,Surajit Kayal
UG-T4-125,CHEM213|BIOS213,KS Viswanathan
UG-T4-125,CHEM215,Surajit Kayal
UG-T4-125,ENVS206,Bharath Sundaram
UG-T4-125,PHYS201|CHEM211,Rama Kamineni
UG-T4-125,PHYS221,Tanmoy Chakrabarty
UG-T4-245,CHEM213|BIOS213,KS Viswanathan
UG-T4-245,CHEM215,Surajit Kayal
UG-T4-245,PHYS201|CHEM211,Rama Kamineni
UG-T4-245,PHYS221,Tanmoy Chakrabarty
UG-T4-245,PHYS211|COMP211,Tanmoy Chakrabarty
UG-T7-034,CHEM213|BIOS213,KS Viswanathan
UG-T7-034,CHEM215,Surajit Kayal
UG-T7-034,CHEM212,Raghu Vamsy Maligal
UG-T7-034,PHYS222,Tanmoy Chakrabarty
UG-T7-034,PHYS301,Sivakumar Srinivasan
UG-T7-034,PHYS227,Venkata Badram
UG-T7-042,CHEM218,Raghu Vamsy Maligal/TBD
UG-T7-042,CHEM217,Ravikumar Komaragiri
UG-T7-042,CHEM212,Raghu Vamsy Maligal
UG-T7-042,PHYS222,Tanmoy Chakrabarty
UG-T7-042,PHYS301,Sivakumar Srinivasan
UG-T7-042,PHYS227,Venkata Badram
UG-T7-082,CHEM218,Raghu Vamsy Maligal/TBD
UG-T7-082,CHEM217,Ravikumar Komaragiri
UG-T7-082,CHEM212,Raghu Vamsy Maligal
UG-T7-082,PHYS222,Tanmoy Chakrabarty
UG-T7-082,PHYS301,Sivakumar Srinivasan
UG-T7-082,PHYS227,Venkata Badram
UG-T7-115,CHEM218,Raghu Vamsy Maligal/TBD
UG-T7-115,CHEM217,Ravikumar Komaragiri
UG-T7-115,CHEM212,Raghu Vamsy Maligal
UG-T7-115,PHYS222,Tanmoy Chakrabarty
UG-T7-115,PHYS301,Sivakumar Srinivasan
UG-T7-115,PHYS227,Venkata Badram
UG-T10-018,CHEM218,Raghu Vamsy Maligal/TBD
UG-T10-018,CHEM217,Ravikumar Komaragiri
UG-T10-018,CHEM413,Randhir Rai
UG-T10-028,CHEM218,Raghu Vamsy Maligal/TBD
UG-T10-028,CHEM413,Randhir Rai
UG-T10-028,CHEM412,KS Viswanathan
UG-T7-005,CHEM218,Raghu Vamsy Maligal/TBD
UG-T7-005,CHEM217,Ravikumar Komaragiri
UG-T7-005,CHEM413,Randhir Rai
UG-T7-005,PHYS201|CHEM211,Rama Kamineni
UG-T4-003,COMP204,Syed Meesum
UG-T4-003,COMP201,Prathamesh Turaga
UG-T4-091,COMP204,Syed Meesum
UG-T4-091,COMP201,Prathamesh Turaga
UG-T4-023,COMP204,Syed Meesum
UG-T4-023,COMP201,Prathamesh Turaga
UG-T4-023,MATH201,Rishi Vyas
UG-T4-023,MATH230,Shuchita Goyal
UG-T4-041,COMP204,Syed Meesum
UG-T4-041,DATA231|COMP231,Rangachary Kommanduri
UG-T4-041,MATH201,Rishi Vyas
UG-T4-041,MATH230,Shuchita Goyal
UG-T4-055,COMP204,Syed Meesum
UG-T4-055,COMP201,Prathamesh Turaga
UG-T4-055,DATA231|COMP231,Rangachary Kommanduri
UG-T4-063,COMP204,Syed Meesum
UG-T4-063,COMP201,Prathamesh Turaga
UG-T4-086,COMP204,Syed Meesum
UG-T4-086,DATA231|COMP231,Rangachary Kommanduri
UG-T4-095,COMP204,Syed Meesum
UG-T4-095,COMP201,Prathamesh Turaga
UG-T4-103,COMP204,Syed Meesum
UG-T4-103,COMP201,Prathamesh Turaga
UG-T4-103,DATA231|COMP231,Rangachary Kommanduri
UG-T4-103,MATH201,Rishi Vyas
UG-T4-108,COMP204,Syed Meesum
UG-T4-108,COMP201,Prathamesh Turaga
UG-T4-113,COMP204,Syed Meesum
UG-T4-113,COMP201,Prathamesh Turaga
UG-T4-136,COMP204,Syed Meesum
UG-T4-136,COMP201,Prathamesh Turaga
UG-T4-174,COMP204,Syed Meesum
UG-T4-174,COMP201,Prathamesh Turaga
UG-T4-177,COMP204,Syed Meesum
UG-T4-177,DATA231|COMP231,Rangachary Kommanduri
UG-T4-200,COMP204,Syed Meesum
UG-T4-200,COMP201,Prathamesh Turaga
UG-T4-208,COMP204,Syed Meesum
UG-T4-208,COMP201,Prathamesh Turaga
UG-T4-208,MATH201,Rishi Vyas
UG-T4-208,MATH230,Shuchita Goyal
UG-T7-013,COMP401,Syed Meesum
UG-T7-013,COMP350,Srikumar Subramanian
UG-T7-013,COMP413,Srikrishnan Divakaran
UG-T7-014,BUSI320,Sesha Meka
UG-T7-014,COMP401,Syed Meesum
UG-T7-014,COMP350,Srikumar Subramanian
UG-T7-014,DATA231|COMP231,Rangachary Kommanduri
UG-T7-022,COMP401,Syed Meesum
UG-T7-022,COMP350,Srikumar Subramanian
UG-T7-022,COMP413,Srikrishnan Divakaran
UG-T7-022,DATA231|COMP231,Rangachary Kommanduri
UG-T7-046,COMP401,Syed Meesum
UG-T7-046,COMP350,Srikumar Subramanian
UG-T7-060,COMP401,Syed Meesum
UG-T7-060,COMP350,Srikumar Subramanian
UG-T7-060,DATA231|COMP231,Rangachary Kommanduri
UG-T7-086,ARTS315|HIST335|ENVS316,Anurag Singh
UG-T7-086,COMP401,Syed Meesum
UG-T7-086,COMP350,Srikumar Subramanian
UG-T7-086,DATA231|COMP231,Rangachary Kommanduri
UG-T7-126,SOCL305|POLT305|HIST305,Gowhar Fazili
UG-T7-126,COMP401,Syed Meesum
UG-T7-126,COMP350,Srikumar Subramanian
UG-T7-134,COMP401,Syed Meesum
UG-T7-134,COMP350,Srikumar Subramanian
UG-T7-134,DATA231|COMP231,Rangachary Kommanduri
UG-T7-135,COMP401,Syed Meesum
UG-T7-135,COMP350,Srikumar Subramanian
UG-T7-135,COMP246,Ravi Prakash
UG-T7-135,MATH304,Shibi Vasudevan
UG-T7-138,COMP401,Syed Meesum
UG-T7-138,COMP350,Srikumar Subramanian
UG-T7-138,DATA231|COMP231,Rangachary Kommanduri
UG-T7-151,ARTS315|HIST335|ENVS316,Anurag Singh
UG-T7-151,COMP401,Syed Meesum
UG-T7-151,COMP350,Srikumar Subramanian
UG-T7-151,DATA231|COMP231,Rangachary Kommanduri
UG-T7-158,COMP401,Syed Meesum
UG-T7-158,COMP350,Srikumar Subramanian
UG-T7-158,COMP246,Ravi Prakash
UG-T7-158,DATA231|COMP231,Rangachary Kommanduri
UG-T7-164,ARTS315|HIST335|ENVS316,Anurag Singh
UG-T7-164,COMP401,Syed Meesum
UG-T7-164,COMP350,Srikumar Subramanian
UG-T7-164,DATA231|COMP231,Rangachary Kommanduri
UG-T7-002,COMP401,Syed Meesum
UG-T7-002,COMP246,Ravi Prakash
UG-T7-002,DATA231|COMP231,Rangachary Kommanduri
UG-T10-003,MATH434,Raghavan
UG-T10-013,POLT431&POLT631,Geeti Das
UG-T10-013,PSYC438,Sabah Siddiqui
UG-T10-021,SOCL215|POLT222,Panchali Ray
UG-T10-021,COMP401,Syed Meesum
UG-T10-021,COMP246,Ravi Prakash
UG-T4-018,ARTS315|HIST335|ENVS316,Anurag Singh
UG-T4-018,ENVS201,Annu Jalais
UG-T4-018,ENVS206,Bharath Sundaram
UG-T4-018,ENVS305,Jessica Seddon
UG-T4-045,ENVS201,Annu Jalais
UG-T4-074,ENVS201,Annu Jalais
UG-T4-074,ENVS206,Bharath Sundaram
UG-T4-250,ARTS228,Kaveri Bharath
UG-T4-250,ENVS201,Annu Jalais
UG-T4-250,ENVS206,Bharath Sundaram
UG-T4-116,ENVS201,Annu Jalais
UG-T4-116,ENVS206,Bharath Sundaram
UG-T4-116,ENVS235,Lakshmi Narayanan
UG-T4-173,ENVS201,Annu Jalais
UG-T4-173,ENVS206,Bharath Sundaram
UG-T4-204,ENVS201,Annu Jalais
UG-T4-204,ENVS235,Lakshmi Narayanan
UG-T4-243,ENVS201,Annu Jalais
UG-T4-243,ENVS206,Bharath Sundaram
UG-T4-243,ENVS235,Lakshmi Narayanan
UG-T4-027,ENVS206,Bharath Sundaram
UG-T4-234,ENVS206,Bharath Sundaram
UG-T4-179,ENVS235,Lakshmi Narayanan
UG-T7-076,ENVS235,Lakshmi Narayanan
UG-T7-076,ENVS310,Jaideep Hardikar
UG-T7-076,ENVS305,Jessica Seddon
UG-T10-009,BIOS251|HIST251,John Mathew
UG-T10-009,ENVS235,Lakshmi Narayanan
UG-T10-009,ENVS305,Jessica Seddon
UG-T10-027,ENVS235,Lakshmi Narayanan
UG-T10-027,ENVS310,Jaideep Hardikar
UG-T10-027,ENVS305,Jessica Seddon
UG-T7-137,ARTS315|HIST335|ENVS316,Anurag Singh
UG-T7-137,ARTS231,Kaveri Bharath
UG-T7-137,ENVS310,Jaideep Hardikar
UG-T7-137,ENVS305,Jessica Seddon
UG-T7-139,ARTS315|HIST335|ENVS316,Anurag Singh
UG-T7-139,ARTS231,Kaveri Bharath
UG-T7-139,ENVS310,Jaideep Hardikar
UG-T7-139,ENVS305,Jessica Seddon
UG-T7-149,BIOS235|ENVS236,Shivani Jadeja
UG-T7-149,CHEM213|BIOS213,KS Viswanathan
UG-T7-149,ENVS305,Jessica Seddon
UG-T4-110,ARTS231,Kaveri Bharath
UG-T4-110,MATH201,Rishi Vyas
UG-T4-110,MATH230,Shuchita Goyal
UG-T4-167,MATH201,Rishi Vyas
UG-T4-167,MATH230,Shuchita Goyal
UG-T4-170,MATH201,Rishi Vyas
UG-T4-170,MATH230,Shuchita Goyal
UG-T4-170,PHYS201|CHEM211,Rama Kamineni
UG-T4-170,PHYS221,Tanmoy Chakrabarty
UG-T4-170,PHYS211|COMP211,Tanmoy Chakrabarty
UG-T4-257,MATH201,Rishi Vyas
UG-T4-257,MATH230,Shuchita Goyal
UG-T4-257,PHYS201|CHEM211,Rama Kamineni
UG-T4-257,PHYS221,Tanmoy Chakrabarty
UG-T4-257,PHYS211|COMP211,Tanmoy Chakrabarty
UG-T4-254,MATH201,Rishi Vyas
UG-T7-035,ECON206,Sarabjeet Natesan
UG-T7-035,ECON205|HIST211,Rohit Prabu
UG-T7-035,ARTS315|HIST335|ENVS316,Anurag Singh
UG-T7-035,DATA231|COMP231,Rangachary Kommanduri
UG-T7-035,MATH201,Rishi Vyas
UG-T4-216,MATH230,Shuchita Goyal
UG-T7-039,CHEM213|BIOS213,KS Viswanathan
UG-T7-039,MATH304,Shibi Vasudevan
UG-T7-069,MATH304,Shibi Vasudevan
UG-T7-069,PHYS222,Tanmoy Chakrabarty
UG-T7-069,PHYS227,Venkata Badram
UG-T10-011,MATH442,Arghya Mondal
UG-T10-011,PSYC321,Neha Aggarwal
UG-T10-025,MATH434,Raghavan
UG-T4-127,PHYS201|CHEM211,Rama Kamineni
UG-T4-127,PHYS221,Tanmoy Chakrabarty
UG-T4-215,PHYS201|CHEM211,Rama Kamineni
UG-T4-215,PHYS221,Tanmoy Chakrabarty
UG-T4-215,PHYS211|COMP211,Tanmoy Chakrabarty
UG-T10-034,PHYS221,Tanmoy Chakrabarty
UG-T10-034,PHYS222,Tanmoy Chakrabarty
UG-T10-034,PHYS211|COMP211,Tanmoy Chakrabarty
UG-T7-167,CHEM213|BIOS213,KS Viswanathan
UG-T7-167,PHYS222,Tanmoy Chakrabarty
UG-T7-167,PHYS301,Sivakumar Srinivasan
UG-T7-167,PHYS227,Venkata Badram
UG-T7-047,PSYC226,Sayantan Mandal
UG-T7-047,PSYC321,Neha Aggarwal
UG-T7-077,POLT334|SOCL334,Shilpi Singh
UG-T7-077,PSYC321,Neha Aggarwal
UG-T7-106,POLT301|SOCL302|PHIL302,Bishnu Mohapatra
UG-T7-106,POLT334|SOCL334,Shilpi Singh
UG-T7-106,SOCL305|POLT305|HIST305,Gowhar Fazili
UG-T7-120,POLT301|SOCL302|PHIL302,Bishnu Mohapatra
UG-T7-120,PSYC226,Sayantan Mandal
UG-T7-120,PSYC321,Neha Aggarwal
UG-T7-154,POLT334|SOCL334,Shilpi Singh
UG-T7-154,SOCL305|POLT305|HIST305,Gowhar Fazili
UG-T7-154,PSYC321,Neha Aggarwal
UG-T7-161,LITT338,Prajwal Parajuly
UG-T7-161,PSYC226,Sayantan Mandal
UG-T10-030,SOCL305|POLT305|HIST305,Gowhar Fazili
UG-T10-030,PSYC438,Sabah Siddiqui
UG-T10-010,PSYC226,Sayantan Mandal
UG-T10-010,PSYC438,Sabah Siddiqui
UG-T10-015,LITT206,Prajwal Parajuly
UG-T10-015,LITT338,Prajwal Parajuly
UG-T10-015,PSYC438,Sabah Siddiqui
UG-T4-016,SOCL305|POLT305|HIST305,Gowhar Fazili
UG-T4-031,SOCL305|POLT305|HIST305,Gowhar Fazili
UG-T4-031,PSYC226,Sayantan Mandal
UG-T4-171,SOCL305|POLT305|HIST305,Gowhar Fazili
UG-T4-197,SOCL305|POLT305|HIST305,Gowhar Fazili
UG-T4-247,SOCL305|POLT305|HIST305,Gowhar Fazili
UG-T7-078,POLT301|SOCL302|PHIL302,Bishnu Mohapatra
UG-T7-078,SOCL305|POLT305|HIST305,Gowhar Fazili
UG-T7-078,SOCL215|POLT222,Panchali Ray
UG-T7-008,POLT301|SOCL302|PHIL302,Bishnu Mohapatra
UG-T7-008,SOCL305|POLT305|HIST305,Gowhar Fazili
UG-T7-008,ARTS315|HIST335|ENVS316,Anurag Singh
UG-T7-008,ARTS228,Kaveri Bharath
UG-T4-201,ARTS315|HIST335|ENVS316,Anurag Singh
UG-T4-201,ARTS228,Kaveri Bharath
UG-T7-107,ARTS315|HIST335|ENVS316,Anurag Singh
UG-T7-107,BIOS235|ENVS236,Shivani Jadeja
UG-T7-107,PSYC321,Neha Aggarwal
UG-T7-144,ARTS315|HIST335|ENVS316,Anurag Singh
UG-T7-144,BIOS235|ENVS236,Shivani Jadeja
UG-T7-144,PSYC321,Neha Aggarwal
UG-T4-252,ARTS231,Kaveri Bharath
UG-T4-224,ARTS228,Kaveri Bharath
UG-T4-224,CHEM213|BIOS213,KS Viswanathan
UG-T7-028,ARTS228,Kaveri Bharath
UG-T7-028,PSYC321,Neha Aggarwal
UG-T4-255,LITT206,Prajwal Parajuly
UG-T4-246,LITT206,Prajwal Parajuly
UG-T7-104,LITT206,Prajwal Parajuly
UG-T7-104,PSYC321,Neha Aggarwal
UG-T4-038,PSYC226,Sayantan Mandal
UG-T4-050,PSYC226,Sayantan Mandal
UG-T4-109,BUSI203,Swayam Sampurna Panigrahi
UG-T4-109,PSYC226,Sayantan Mandal
UG-T4-163,PSYC226,Sayantan Mandal
UG-T4-164,POLT334|SOCL334,Shilpi Singh
UG-T4-164,PSYC226,Sayantan Mandal
UG-T4-251,PSYC226,Sayantan Mandal
UG-T7-085,SOCL215|POLT222,Panchali Ray
UG-T7-085,PSYC226,Sayantan Mandal
UG-T7-085,PSYC321,Neha Aggarwal
UG-T4-146,SOCL305|POLT305|HIST305,Gowhar Fazili
UG-T7-087,POLT301|SOCL302|PHIL302,Bishnu Mohapatra
UG-T7-087,POLT316|HIST316,Swarna Rajagopalan
UG-T7-087,SOCL305|POLT305|HIST305,Gowhar Fazili
UG-T7-087,SOCL215|POLT222,Panchali Ray
UG-T4-152,ECON205|HIST211,Rohit Prabu
UG-T7-012,ECON205|HIST211,Rohit Prabu
UG-T7-012,POLT316|HIST316,Swarna Rajagopalan
UG-T7-015,ECON205|HIST211,Rohit Prabu
UG-T7-015,POLT301|SOCL302|PHIL302,Bishnu Mohapatra
UG-T7-015,POLT316|HIST316,Swarna Rajagopalan
UG-T4-039,POLT334|SOCL334,Shilpi Singh
UG-T4-148,PHYS201|CHEM211,Rama Kamineni
UG-T4-148,PHYS221,Tanmoy Chakrabarty
UG-T4-148,PHYS211|COMP211,Tanmoy Chakrabarty
UG-T7-003,COMP201,Prathamesh Turaga
UG-T7-003,COMP350,Srikumar Subramanian
UG-T7-045,BUSI203,Swayam Sampurna Panigrahi
UG-T7-045,BUSI316,Pallavi Pandey
UG-T7-045,COMP401,Syed Meesum
UG-T7-045,COMP350,Srikumar Subramanian
UG-T7-125,LITT308,Kishore Gaurav
UG-T4-111,PHIL202,Vivek Radhakrishnan
UG-T4-111,POLT202,Sambaiah Gundimeda
UG-T4-111,POLT203,Dyotana Banerjee
UG-T7-011,POLT334|SOCL334,Shilpi Singh
UG-T7-011,ARTS315|HIST335|ENVS316,Anurag Singh
UG-T7-011,PSYC321,Neha Aggarwal
UG-T7-009,ECON313,Rohan Gudibande
UG-T7-175,ECON206,Sarabjeet Natesan
UG-T7-175,ECON205|HIST211,Rohit Prabu
UG-T7-018,BUSI316,Pallavi Pandey
UG-T7-018,BUSI320,Sesha Meka
UG-T7-018,MATH201,Rishi Vyas
UG-T7-018,MATH230,Shuchita Goyal
UG-T7-048,ECON330|BUSI330,Sarabjeet Natesan
UG-T7-048,HIST334,Rohit Prabu
UG-T7-048,POLT203,Dyotana Banerjee
UG-T7-048,SOCL215|POLT222,Panchali Ray
PhD-T4-002,ENVS310,Jaideep Hardikar
PhD-T4-002,ENVS305,Jessica Seddon
PhD-T4-001,SOCL215|POLT222,Panchali Ray
PhD-T1-005,POLT431&POLT631,Geeti Das
